id,capacity,description,expiry,images,price,product_name,unit,product_type_id
,,Cleaner - Comet,9/11/2023,"data:image/png;base64,iVBORw0KGgoAAAANSUhEUgAAABAAAAAQCAYAAAAf8/9hAAAABGdBTUEAAK/INwWK6QAAABl0RVh0U29mdHdhcmUAQWRvYmUgSW1hZ2VSZWFkeXHJZTwAAAJZSURBVDjLpVJda5JhGPYH9Ac66bSdFHTydtDhIAiCiA6CEbGiL1bUTgaO9pHk1+y11ymyNT/wYypMxzanqa8Km9PJxg5EJcWBJq7OzUHIRlfP/VQyKWLRCzcP78113dd1X8+jAKD4n/pngtfrhdPpxMLCAqxW6x1FLpcD1dbWFjY2NpBOpyHLMmKxGNbX17GysoJgMIhAIACPx8OxR0dHODg4gMlkKiuy2SyOj4/R7Xb/Wp1OBw6H41O73Ua1WoUkSQ2DwTCiyGQyvNFqtZDP59FsNkG9RqOBZDKJ/f19RCIRjgmFQiiXy9zRzMzMYC+DVCqF7e1tRKNRYXNzE8vLywKRFxcXBVrDZrMJRDabzYLP5+P7q9Xqgd6AeDyOYrHIM6jX6zwDUiZypVLpKbOBKBQKpI6pqakzfbewurqKw8NDJBIJsKSFcDhMSgLZZWEJRNbpdILdbicyfrtGBpzY3d1FrVYDkUl5aWkJpVKJBnJltgr29vagVCq//fEduN1uShrz8/OwWCyUNFjS0Gg0UBqe44VlCI/e3sDQ60FcU16cOPVDeiLdfKUK3kOkbEXhswwpOYLb0gVcfnpW5ACXy3We2Xs3NzdHScNoNEKv11PSmJ6exl3dVayVTFj7YKbdIaYeQko9pgFf+QAWFrczOzs7KoriR0YePeng+stLeF+24+QXLlppwA8Ae9MTLGl+XTs7O/D7/Tzp8fFxjI2N4cqzc3gj34dOHuZkXWK438Gv0mq1UKlUmJyc7HPAgOpb4gCM8gOuTCf99zI4TTGwntUXsv3z1FP/O6UL4ZoSeea0AAAAAElFTkSuQmCC",$4.32,Pede.jpeg,,
,,"Juice - Apple, 1.36l",7/22/2023,"data:image/png;base64,iVBORw0KGgoAAAANSUhEUgAAABAAAAAQCAYAAAAf8/9hAAAABGdBTUEAAK/INwWK6QAAABl0RVh0U29mdHdhcmUAQWRvYmUgSW1hZ2VSZWFkeXHJZTwAAAIzSURBVDjLhZNLbxJRGIZP22la6KLpou1GN11QKGW4DFTH1phorZcYi8R6w2ooAlUSjUStC39A49I/4sK9f8OFLoyCwZAAgsMwc87x9RuoSXWgLt7MvGfO+3zfnAsDwAaJT0094+PjlojHTc7YpWHz/g4x5hELCx16Qm5eg9zOQGZzEMeOQyQSsLze8v8Ab2TqOuTT55C5R5CPS5ClPYhsAfJJCXY0htbkZH4ggFp+LYIq5I00RDoDQz+DRlxHM3YSxsoq+K27EDt5WDMzlsmY5gIIn0/Il6+ocpECazDip2BrOuzYCViRBMzoCgT9El+/gEYgUHN3MDLSlMktCFKTQk5QRCgUjoOHYugsRyC3bqObvodv09NlF8DWtKYsvYDM5NCmijycgFA1iOUoeDAMM6BCXEmiq6+ioihv3YC5OdlbtJ0cOlHqgKryYAR8SYXtD/UAMr+LzvZ9VP3+7y6AMT//rq1R1UIRfOMyTAKYTnAxSOEQOLXe2kziq28RHxnbG7iNrdnZ991kCuJmGnK3CJmiNblKPvOAdiCHaiSKT4pybug5qDO2VB4bQ23tNIyNi+CFhzDObqC+fh5lVcXnQIAfeZB68nqloSiojI7ii67jA73XJibQIG8zJo8GeDxZUAeShi3ST+fzP/4HY9nhAMYscTC5Q2oxViFfOeQdgDUQ8IuxO04l+wBg9kP75PcP+V4XbZrrAlC4TmpRxarTBV0sy3ZuZ18W78OrpBYB639yvwHcmnk0jmx5QwAAAABJRU5ErkJggg==",$6.79,BibendumMorbiNon.mov,,
,,Garam Masala Powder,12/25/2022,"data:image/png;base64,iVBORw0KGgoAAAANSUhEUgAAABAAAAAQCAYAAAAf8/9hAAAABGdBTUEAAK/INwWK6QAAABl0RVh0U29mdHdhcmUAQWRvYmUgSW1hZ2VSZWFkeXHJZTwAAAHtSURBVDjLjZNLS9xQFMe138C9A/0OynyBUjeFQjduROi2MMtCEalS0ToLEdQMdEShoKDWRymKigWxII7PhaB9aBFUJjHJpHlnnvbfe27NJcVIDfwIyT3nd885cOoA1BHsaWQ0MZL/4SHjgciLCJpKpZJVrVava7Ua4mDnkCRpKCqJCpKU7HkefN8X2LYN0zShqiqXKIqCTCYjJGFyPQkooFgsolwu8zfhui4sy4KmaVwQBAHokmw2+1cSClpSUmr12MP7LQunii8klOA4DnRdv9USn0koePRiJDW+aTGBjcOLgAewlnjfYSuFQoFXIsvybQF9jG2avIKFPQtzOyZmcyZMtywkVAnNwzCMeMG7jV+YyFmQ1g30L2kYWitAWtZFJdQOzYREsYLhzwZGGF+OHez/9PD2k4aeeYUHVyoVPheSELGCwRUdA+zG/VMPeycu3iyo6J5WxDxIQFA1QtCauUwPrOpIPh/vSC+qSC/qPHn3u4uu2Su8nsrzZKqAoOR/BO2j+Q+DTPC0/2CdSu79qOLVlIyXk3l0zsjomJYxv6ELQYgQPOk7a2jpOnmcaG57tvuD3fzNxc5XB9sEm0XuyMb5VcCriBI7A/bz9117EMO1ENxImtmAfDq4TzKLdfn2RgQJktxjnUNo9RN/AFmTwlP7TY1uAAAAAElFTkSuQmCC",$9.07,Ante.xls,,
,,Lemons,3/9/2023,"data:image/png;base64,iVBORw0KGgoAAAANSUhEUgAAABAAAAAQCAYAAAAf8/9hAAAABGdBTUEAAK/INwWK6QAAABl0RVh0U29mdHdhcmUAQWRvYmUgSW1hZ2VSZWFkeXHJZTwAAAITSURBVDjLpZNNSJRBGMd/s7q50ZoWISZSRAgF5VpELFJ0CK9RneokEl1qO3URpFNCXqIO0aFLEF0iiAj6JBB0WYwOoikRJiXUYqbsumv7zvu+M/N02BV30YPgc5h5GPh/zMz/USLCVirCFqt+tZGfb8UUFxEJEBMiNkRMgBgfsT6EGms0YjwINU0Xn6haAmuIHrm0TkEEFFQWQCD3/PJ6B37+N9tFEOeVDxSIOEAhrDGoSAMSehtcwRhcMI8pfgLnIxKUdxeA04jTiPPYtucCLixtQGB9wCBOg4QVUDVYI64EYpBgAwdmZalsuUbZwzldIfHAeWUR8289gbMaPTOK8b+DDUAMVheI7W8pKzuNWA/E1byBWg3S4oteibZ0EO86DzhcMEdx/BkN+3aBlBie1YzMOZY9j6CU489K/tabOxOD9VVMhAuT5D6m2dl9FaUUTkKQEu+/FZny45w5fYL23R0MT79kbGr0djLV1hyp/u/Gk72E+b/kR+5VwBqxmtdfc3QdSmAjlsTeHqwKSR7tBri+FmWjUXURdhy/gphmiplX1MUSxFr7WCgsEVVxzh2+AcDNs4842NIJEKvKgSb37j5iNBJ6BN4XmM1Q+vyUQiFgOpthIpumv+cxQx/6iNU1AGi1mWlMptoG2w80DXR3nqKj9Rgz8+NkJtP8+rF8V212nJOptiHgGtAIFIGHYw+y/f8B3ntD1Kp2NbQAAAAASUVORK5CYII=",$1.03,InCongueEtiam.mp3,,
,,"Doilies - 8, Paper",11/25/2022,"data:image/png;base64,iVBORw0KGgoAAAANSUhEUgAAABAAAAAQCAYAAAAf8/9hAAAABGdBTUEAAK/INwWK6QAAABl0RVh0U29mdHdhcmUAQWRvYmUgSW1hZ2VSZWFkeXHJZTwAAAHSSURBVDjLpZPbSxtREMbzL4pSpYj1VilUmmpQSCKCSLAgihFTo9Eg0TRZY5LdxJgbKYo+2AstLRbU1nfxrlmTdLPJ55nZ+OCjyYGPYQ8zv/PN7DkmAKZGZGoakN5OKSeqPfAPtk9Ca8ew+g4xvPIHQ94DWJZ/Y3DxJ94v/ID54zf0z32BbXFPpToGODZOKrPpUzxX5pmdCgPo5HrUN7kNBtjW/qKe1TORMwDW1SPeeJ0ucMzlcshms0gmkyhqVSQSCVzmdSiKAlmWEQ6HOa/TkakBxMBolUQyFRRIpQruijp/3xR0XN/ruMiXcXar4fRG4/yOsaQBoGmzpa08x0wmg1QqhVgsxoBoNMoQSZIQCATg9/s5r300YQDoV9HS9Cr+l6vspFRzQgBVOCE3j06uVJ3zX47EDIBl6RdvdG9ec6Se4/E4QqEQA4LBIO5FSz6fD16vFx6Ph/PabLIBMM9/541ypYpyzQWpqD2VKiB54YJEq2VowwC8m/tqTFU+50i9RyIR7pUK6WSKbrcbLpcLTqeT85ot6wagf3a/rnvQNCjh8S1Ib6Z3+Wb1fviMLkcWr8bTYsqbPKg2u4JWawQvhsPCdkicLEHUkCQGNPwaGwU8AG9RQVkc+5PeAAAAAElFTkSuQmCC",$3.58,ArcuSedAugue.pdf,,
,,Wine - Fontanafredda Barolo,8/19/2023,"data:image/png;base64,iVBORw0KGgoAAAANSUhEUgAAABAAAAAQCAYAAAAf8/9hAAAABGdBTUEAAK/INwWK6QAAABl0RVh0U29mdHdhcmUAQWRvYmUgSW1hZ2VSZWFkeXHJZTwAAAE0SURBVDjLtZHPSgJRGMXdzmPM88w+gqBF0KZF0CIIstkkhVhSIGFYYWHSHxKmCSdhYAiCIEJTk4ibNJbUA1jjXDenMy+gzkSLD+7i/s4533diAGJ/mVCfs05fzdieEVpg76avENYJe1uVH4QSIKwRFqUHH3ZzgI3y93gC+VtfJWyc3fuw6hL2k4T1KJG8GiFQuJMKYZ2wZ9YknNYAlYZEmW+zKrF22RsuQFgQBmODOyPYOYgdOAdwwughcgsja1w56WocwcFy8QNLhQ4WD10sHLQxnxOYy75gNvM8PAFhhbBO2Nu1PlF0vrB/3cWO+Y70hYuZ7dZ4K9BZpbOROHWxWeogdf6G1eM2ptONcDdgbI2xRfzoFfG8wFSqHv6IjK3QWSfsTSZr0VsgrE6sV43/qzHK/AJ0lPqXO1KzBQAAAABJRU5ErkJggg==",$7.00,TurpisNecEuismod.ppt,,
,,Energy Drink Red Bull,2/4/2023,"data:image/png;base64,iVBORw0KGgoAAAANSUhEUgAAABAAAAAQCAYAAAAf8/9hAAAABGdBTUEAAK/INwWK6QAAABl0RVh0U29mdHdhcmUAQWRvYmUgSW1hZ2VSZWFkeXHJZTwAAAK3SURBVDjLpZNNSFRRFMfP+5zxY2a0l81Mg6NDiosKRKFNYC6kIERpUaSbVuGmja0yp5A0aRG0CdolIa5CAqmNEzQQfoCamhDT4ETNjDOWOOW8eR8z7753u/eBE6LUogeXw7v3/H/nnnPuYTDG8D8f/y+Hb8lkM8swV03TPIUQeu1yuWa8Xq+5f8787Qaf4/F7Ho/ngdPhsP9VVQVZlrOapp1tbW3dtTcp4Ki1vLb2cCubxaVSCeu6jokQEwDO5XJ4dXX159zCgpP6sUdFjs7Pj0uSdLdOkoAAgEQEAqHRQRAEqHa7a4j4FvU9BIhGo2MBn28o4PVCsVi0ASR3IDWwbT6fhxqPBwyEhg4BNqemRltMc7jR7bYjUvG+kC7DMOx9UlQoGsaxA4DtcHjUJ4rhOp4Hc2ICrJUVW0xF+2Jq3QQuFwqgKEq8DNjs7x9whkJhJ8kZLS4CSiaBmZwEiEQOiGn+lmVBLBYDpVDosts4Fww6fN3derC3F4ylJUCZDFikXRYpnEmL19EBWk8PFOdfQv7dJGipBCAHv8ug0uOLs+gRL3Ncw0lRBEyKg1KpspBCqOWmpwl0GTCfhrZrN8EROg3ax1np0/vIWKRLUNhfmlbSslmwcjkwSW7lpShgEUuf6o/1GWi6cAWciSgwL/qg8ssraGyQOMzgQX6nUPgWX1/fqPP7z1T4/Yy6sVG+gcCyINAO4BI4fSGAy7f/zMCIHziLabSf8tPa2uPtTU0fmltafBUYC2o6DU4iRnt7kCUFTPtiu+f7bkhVyTdQ1LZBJQA5z0EsAVvlWXhSXV17orLyeVsg0OlhGLdObpBRVSulqr31XY5zoqtquF5CPM+mQd5B8PU7Zxo6vn9gmEZEkfFwXHsFy3aaGCdKlvV2UNdlejZ3PXhHyWUGOJNpMDm8RVTPLs2i8d9nr6w0wqZqDgAAAABJRU5ErkJggg==",$9.72,NullaAc.tiff,,
,,Yoghurt Tubes,5/30/2023,"data:image/png;base64,iVBORw0KGgoAAAANSUhEUgAAABAAAAAQCAYAAAAf8/9hAAAABGdBTUEAAK/INwWK6QAAABl0RVh0U29mdHdhcmUAQWRvYmUgSW1hZ2VSZWFkeXHJZTwAAAKoSURBVDjLpZLbT5JhHMdZ1/VP1Cqrtco21kU3zevWVa3NXOuuedVmoU2jUR6CoRwcw1SYHIzJQQxBUXgLXg6Ga+mIwkBBBp08pYGvEOa393nbWC5Xa1389mzPnu/v+/t+nh8PAO9/6p8FBoMBWq0Wvb29UKlU13ihUAikAoEAfD4fKIrC5OQkxsfHMTo6CrvdDovFApPJBL1ez70tl8vI5XKQy+UxXjAYxPb2Nkql0h8rn89Do9G839jYwNzcHGQyWVoikdTzaJrmLrLZLKamppDJZEDu0uk0PB4PkskknE4n98ZqtSIWi3ETicXimgoDr9eLcDgMl8vF9/v9sNlsfCI2Go18EqOvr49PxEqlkj84OMjlb21trao0cLvdiEajHINUKsUxIM5EHI/HQTmUmKcFGHqixezsLHGHUCjcv+sXRkZGUCgUMDExAZY03+FwECf+sNWEhLs2vZq0YMZeZ+zv7ydi/PaNbK6W6elpJBIJEDFxNpvNiIdUWI4bUS7M4/XwFbwKO9DU1LSz5x7odDpCGj09Peju7kafqg1R62UUl50ofujC2oILkaGbENxp2PnrIr21Xdr3xnzRsPLOimL2AehHZ/Ft1YoZbQ1kwutfdzUYGBg4ypJ+rFarCWl0dnZCIxcgTTWjtKQHM38DdMcZbGUasZ4ag6frwveI4tyBSgMWVgs5FQrFLalUuigVtzWwTi+/sOC2Fm9jM3H1ZyXr2ChyZPxKhCTVwkoDdqdb2LXkFiUSiWBM14wM3YXSJzXnvpmsZSNUcyeTqgfz8Snohyc/+0Unju/K3d7eDpFIhJD8/DqzsoDSGoXiEstgyfJL2VDOx5B7YcSz5iOWPQGy460EO04zgbZTDOvEsE6M7/4x5vm9KoYVMdTdwwzVeIjxCg4GfgDxYPxXmKLFvgAAAABJRU5ErkJggg==",$4.45,LoremQuisque.jpeg,,
,,"Tart Shells - Sweet, 4",3/22/2023,"data:image/png;base64,iVBORw0KGgoAAAANSUhEUgAAABAAAAAQCAYAAAAf8/9hAAAABGdBTUEAAK/INwWK6QAAABl0RVh0U29mdHdhcmUAQWRvYmUgSW1hZ2VSZWFkeXHJZTwAAAKnSURBVDjLdVJNSFRRFP7e+H7MZ06TyjCSDpZCaS93BpX9EUEEhUJkBS0KJDBoES6ibRujIqJcBUW0Khft2qQZtWigEYLBUgxz0BnHqWbUeTPv/3Xue/5k2eXdex73nO873zn3cK7r4tS1J61kX7pADi72uXTQNdjhG3d1O7YJU1+Yevfs5nZygYcf0EOBO5WWBm4+u+CBfQDgkzmgD/kFFSWdSFy+EcvLJwAOKi313JE99WiIKB6YoR0GZNbxs9duqUBFOY/9p69gHQF5Q0prFK8/TSKXK1I2x7t2VlQwSyT5xSI03cCfa7kEcLzIo3l3FE3hrbBteLJZZtumTYQW/Zc0Ey8GRzYiYIEOpucXIQYEaJpGjTI8ELu3UAZeEFEjS56qfwmYXBZIHdZ1HZ3tTb58X52X4OnbrzDLBfyFX1NgEoFtWkQSwPORMejePymwmAIOgijCsPymbkhgkdMwTRjUPzcggRMEIEAvwLFekM/maP+XADAtG5ZmoVgsQZ0ZQ9DIoDFcg2/JNNTqNkCSsTT1Eef2hjEdaUVvb29fIpEYWFNA7EZJQ3J0CG11m3D2wkWoqoodMzMYeh+D5pbh/JkuiAKPdDqNeDx+O5lM1q4rIZccR7O8hI6jJ9F36z5+fU+gLhKBoige6N7dO0il0oBYiRvXr4IIeviVgTGoBHU+iSqaRrbKW06g+CWO7u5uhEIhFAoFZLNZPHg4gB8F2YsJBoPSag/YwHC8jFQ64znzo6+8B+7v74cs+wBWUoADtm22NJZjdnZWWy0BgQDaDx/D5IdBDL8ZRtfxA5D4DmQyGUxMTECSJESjUYTDYRRLGheLxfKpVGqOY+BDlx49JnOZjS+MPCoLn1EXriaQSBMAjOeqYLkidoV+kgLXMXStROAsKer8DdsBr2sFe8jtAAAAAElFTkSuQmCC",$2.45,NonMaurisMorbi.doc,,
,,Parsnip,10/1/2023,"data:image/png;base64,iVBORw0KGgoAAAANSUhEUgAAABAAAAAQCAYAAAAf8/9hAAAABGdBTUEAAK/INwWK6QAAABl0RVh0U29mdHdhcmUAQWRvYmUgSW1hZ2VSZWFkeXHJZTwAAAImSURBVDjLnZNNiI1hFMd/73vvzSXjKwzmRopJyFcaYmczPko+8pE0SpYsrLAglnbKAvlYSNkYjYhmSrIRRRQbKblc07Cii3Hf82Xx3jsxG/Kvp9NTz/mdc/6nJ4kI/kfdl9ftENUL6b887rm9s7K7d+va35I3i+r1jvaZk5O/ddBze+e8LJNFWZbdzES7RaQsqn0zpk0vVGu1+l87yDKZnGVZb2VaRyoiA6J6a05HpVCt1erAiuTOwOYA8AjcHHPHzVA3LFNMhHea8rI8hYltbXz78YOhwY+s1++0qVPc9PU9zN/zZ1n3P485j7584mT1FQUPrs3tolIswcPrFEeS6oPgTpiBGagSpiBKqLBKlUvjJoAa7UOvYfoCGI4WICACVh4jKbURL84TZqRLD4AOY/cOk244w+xSGX1wmvjwHESaAFVQg3AoTSAenyJZfYLEGvjTc2BO2nUQ5Dty6xCFJbvR6rMRQIpIDvCAtAjj54Ar8bVGuuYo6fL9+Jt+kqmdFLdfxN8/Ac9HpBGkDP/M53UHIFm8j3jbD1kd691DEKQLtyFXNuKv+ih2n8qNVWsCGprT3MEFf3aWpHMLfPtMYdtVkvIk7OUNSj19FJbtQu8ebwIUBJI4PStYtpfgS+66KiEKKoRIftdWVDAjzBgztgJ99ykyHCBCYmWS1grNwByiaW7qUDBIAoqeb6ypJI7MCCQgC2gAFpCNigoYudGjlPzvd27pFy1NYQEtEp0PAAAAAElFTkSuQmCC",$6.25,In.avi,,
,,Island Oasis - Cappucino Mix,10/18/2023,"data:image/png;base64,iVBORw0KGgoAAAANSUhEUgAAABAAAAAQCAYAAAAf8/9hAAAABGdBTUEAAK/INwWK6QAAABl0RVh0U29mdHdhcmUAQWRvYmUgSW1hZ2VSZWFkeXHJZTwAAAIvSURBVDjLjZLbi1JRFMb9N3ro8mYgPqSBCIEPoQSGYYVREkxxTLQsREkjlRG18doxZbyGF7y8HAONQUgnENEHQyFmJqEnoQf/gBDKl/na+1RDEz6cDYvF3uz1W9/+9hIBEP0f1Wr1XKlUWuRyOaTTaUSj0W8+n0+86a5o02GhUHjX7XYxGAzQ7/dRLBZhMpn2BAMSicR4e3sbyWQSFFSr1WAwGA4EA4jcMc0ulwudTodXoNPphAOCwSAPcLvdaLVayGQy0Gg0wgFer3fsdDoRDofRbDb5p6hUKuEAu90+LpfLqNfroCpisRgUCoVwgMViGdEvJErQfGrD4rkTP23WYzx70iPBbAQ0Go0LJNbUcbPZjHw+D/KdWHpe4PiQNJ9+wrrF4cvN2zAajb5TAFpM5K6n0ykCgQD0ej1kMhkkEgm4uwZ8jcfQzLjhTN/Do9c3YAxehZq5/PEEQLryxavVCsvlEovFAvP5HLPZDKPRCG/qIfi5B9g72sXnZQ9s34o7rBSKx2fifycPk8mENy2bzYJlWYRCIXg8HjgcDtx/pUbnMInOPAW64vsmsPtmCvjBA1KpFIbDIWgmcw+/38+7b7PZwDAMrr+8hO7RW/y73h/sUsBvIyKRCD/zdGzb7TY4jgPxBZVKhTfyiu08Yr2H2Olt8cU7H7ZOK7BardBqtVCr1XRgoFQqIZfLIZVKIRaLIb12FrfiF5HoMXxnmun+xAMhQS6HSXynsv/kMD3/Bc9MubHqnCOyAAAAAElFTkSuQmCC",$2.54,PrimisIn.avi,,
,,"Nestea - Ice Tea, Diet",12/17/2022,"data:image/png;base64,iVBORw0KGgoAAAANSUhEUgAAABAAAAAQCAYAAAAf8/9hAAAABGdBTUEAAK/INwWK6QAAABl0RVh0U29mdHdhcmUAQWRvYmUgSW1hZ2VSZWFkeXHJZTwAAAI6SURBVDjLpZJbaJJxGMaHgdcFXURdBLtZrGitiFh0uhjRVRTVWI1as7mQakhjyyEkRAcaHSCrj0xrWGuuoVsr25qzfeYObh6yJJdzavoZs3Sy8PhJ8vR9EoHkotXFA/+b3+//vC9vEYCi/8mvh8H7nTM8kyF0LpoacCazLxzxbM/bb1S3OUo8GQtz/iggGfi1O0NaAzS8kQwCURqBORrTX9LQf5jHQ3KWlA1RnAUFeneGsATSoKIZOGdTsAWSMPuTsFNJeL7SEOoF4GtrUKuuShUUvJpKUd4wnYMtDDj5KQGTN4FRTyInOvH8MDonL6BKuRcFBey8fqYyC0/4Ehhn4JGZOBp1AtT1VkOkrYfMKIKgsxq7b+zErssV0TyBxjaf9UVomBh4jPnVyMCG6ThbGfKRVtwebsK1wdO4+JIPce8xbBGXI0+gMkWoqZ/137jjIBlY/zEGnqoO+2R7wGvfj/N9x3FAWonNojKUCUtTeQKlMUT02+fgCqVzs7OwzhnLyd4HU2xlCLsOYlPz+sI7uK8Pcu4O+EnNRAhWfwKOzym8Y2LyxCAf9GGHZDvKm9Zha2NptudcRUnBQ7rZ5+G0aVzEpS4nJelwZMXt9myL3Bpskyq9FmUzQuZu2B63QCXcEH50ak3Jb4KF0i+p5D5r3aYeJeoRNCgwfq8BCv7q8F8L2Dw9u5HbcWateuj6IXi0V0HUrsCiBGweNBRzZbxVasXJYkhrll1ZtIDNnaPLl9w6snRlwSX+a34AgPPwSZzC+6wAAAAASUVORK5CYII=",$4.61,Non.doc,,
,,Sambuca - Opal Nera,8/31/2023,"data:image/png;base64,iVBORw0KGgoAAAANSUhEUgAAABAAAAAQCAYAAAAf8/9hAAAABGdBTUEAAK/INwWK6QAAABl0RVh0U29mdHdhcmUAQWRvYmUgSW1hZ2VSZWFkeXHJZTwAAAKESURBVDjLfZNLSFRRGIC/O3Pn1cyUlLXIlB6SQrXo/YSiRSQDualVUFZE1KJtrTKHIloEbQpqYUW4DipSehBIYWr00MIs0ckUR6Z8jqNz7/nPaTEqI2E/HM6D833n5/znWMYYZuLglUZz4lApTT+H0MogohHRaNEopdmzZgm36z7w/vZha4axyQstgtYG5U6DKteLyjWlDKIkH8GTP5k9zRWUI6xzP3PKuYvrCK4rOeH/BFoJExmX5dEAriMcMK/YER6gaKqb4kUh0pksIv/NQOKt7YMUBmzWRydYa36gl+8mZjWxLOyn+WMfWkl8XkHj9YrqL99T8ea2JLtohTWVSOFWNjlNtHz6SXtnMt5RV1Wdz1jGGHi4O4THW4bBC3ChM3bm/Op3pws3H0dcm8CvRzz8oJ9UlSZqyG0BNZXi5JvenODBtj4WlxcZLDAGjEaW7SRrr0Cnf+NVIwQyP7CmhnJJiwvpATxjw8dygmvFh1CmTu87G5HSI+ixFGrsN3o8hc6MYJwsGI3lX4AXhd3+lGBP12PCvqPW7EO6VFSK5qneXlmWLalEhpNIZhidGcVMjGEsQ0ANEfn4Ukirau4lr869xHh/FxHfFs+3hkf2yFeMdjBTE5hsBq0msX02kY7XQzimYgb+pwpcTKQpWPjCM57AKBeUC1rAne79dpo7/S/mLSMA3mBMCspzQ58i6B3FEypAdABZvLSEmvIN8wtqd4Qw1n6JrCTYXU/0eW3Xgrf196OpZgLecdTCVSBWbH6B6L0SXhHyPbuMv6XlLsps5FbfCd9Ab0X407N+MzkJrpkjmPMbGR0p8n5P9vDHOUftYMPs+o1EAxfL1gU7224ibMtH/gIKIWcO8vV/HwAAAABJRU5ErkJggg==",$1.16,OrciLuctusEt.txt,,
,,Miso Paste White,12/6/2022,"data:image/png;base64,iVBORw0KGgoAAAANSUhEUgAAABAAAAAQCAYAAAAf8/9hAAAABGdBTUEAAK/INwWK6QAAABl0RVh0U29mdHdhcmUAQWRvYmUgSW1hZ2VSZWFkeXHJZTwAAAKGSURBVDjLhZNdSFNxFMBHCdGDr0sIg3qwiF6jwMeefY0giB56CoMIeuhN8KHXCJuoEYUZpJW0QMyPmWl+ldM5FTedujn34e7c7ma6z/vr/O9maRINfrtj55zfPed/7rUAloPceNxbKzQJTiEmJASP0Kxif+cfLKwUbELu87Sf+YDOmpZlM50nGN+h3xlAxco5lYcE5eLejiEPhaJBUIcPUynez6WYiGfZk6SioGIqR+XuS/YFNhVI5jA/acluH07ycmwbV7KIIf/JBb1YipclNlMgP64KRX88R/u4hlcrJfVM79E8qLGyg9lBRL7Scs0qDEMJiqrWvHufzNczp9M2HKNlKIY7CMsRGPemZZwM8QxERaBLK4kCpIS+0pnYlGDW5U/yanRLBFGav0SxO3U6R1ZUQljxbtRHWoo2pRvvNrg2C7j8uorPKoG2EPwpd47SIsWtIpn0pVUwJJwuE/JEMtjlULt+JE3cwV2Vo/0WNDui2AYiNA2EmVo9KnBv7NI1rfN6MiHEmTsgmJ1dT2BzhM3it2L3agaq7f0ROkd8LDXcYdDuYNTxjUDLfWbW/oxgHuLY6h6uKAR2wZcSkuDZyjAfyjC+lsf/0Ers3gmMF1XkOi4eOkRzjTlZTVR2tJSA6TB89UP/SoFPC1m+Nz5Ae1YBz8/D+gUYrsb+6LZhrvHggxSTdbliMCLFfcsG9sU88111RJ9ayHSeEoEUh4SAiAarYcLafeRRDqYMZqSD/uUCdneWufrrxCQt011VEniEiOA+Bzetb/75MjnXdRbDWVYb6tm6ayExcQyjrUZmKwtaz0Cd9Ynlf6/zrcaP2sbZCiN0yUK45niBWmuea1a4Ys1y2XryF6CZCaxnm2/nAAAAAElFTkSuQmCC",$9.57,OrciPedeVenenatis.xls,,
,,Lambcasing,5/17/2023,"data:image/png;base64,iVBORw0KGgoAAAANSUhEUgAAABAAAAAQCAYAAAAf8/9hAAAABGdBTUEAAK/INwWK6QAAABl0RVh0U29mdHdhcmUAQWRvYmUgSW1hZ2VSZWFkeXHJZTwAAAKwSURBVDjLbVPPaxNBGH27m5jdaH5ZjU3SFkRiWkwt0l4qFupFEY/Bg/jj6MGLIPQigtCDf4BXLYZKK6UJSL2Ih4AGLGltTSUh1pgaJBXTEkNMY9NNdtf5Rlva2IFvv9mZN9978z5GMAwDrSMejz+sVCo3y+Wyl/5dLtd3h8MxPjQ0dO8/MBXYHdFo1D01NaUaLYPWJicnva14gT7/GK8yxi5WU2Rs8Pv9CAQCHJTJZLCysgKGIU6dKfrGMM+5IgKw6vXdbPl83ohEIsbS0hKP6elpvtaiiM5A6uvreypJ0gD9tLW18YLLy8toNptgh1AsFmG326FpGjweD3RdRzqdJjWm2dnZgIktXA8Gg6jVamBsYMWwurqKUCi0xyvmDaxWKxqNBsc6nU6USqUrImOs+Xw+dHR0gO5us9ngdruRzWY5G0Xu4wyCh9/BYmqA+QRVVakzpLZm2m6jLMswm82oVqs8k2GpVIq5rEIuvcbRrmHkc69gls/t6Z64XYAysSmKgs7OTq7GYrFAK8Xh8g7C7jkDpZ6CRV/nePKEF2ATRRRFUND9SB5lQRCg13/gQHUetiNOaL9m0N57A+byG+hak5OxszIpeJtIJLhkMolMpE3DYLEWw7EeZmZ9EXPjEzjk3IRU+QTLZha5XI4UJEQGvlwoFG7FYrEvyWSSM1PbhI0srJIGm+s39K2v7I6McWMex4fvQsu/aGz8LIywApeEbQ/C4bCbze+wuN0d8DudxWfwnr4A2ZyArhb+9lIwQzrYj2JWRCERfnB2ZGFUaH1MY2Njpzz6h3Cw+8RA+0mFsc4xqSoWohn0h3ogSA5AuYj3T+6vGbp+XtjvNc49Giz0XpvwSWIeRrNMPdq1K0JSAiimk/j8cjRiwj6juaXKi49Dm4bOek2G7oSxk8GNNtr/AJE93CiYMK0yAAAAAElFTkSuQmCC",$6.26,TinciduntEuFelis.mp3,,
,,Tomatoes - Orange,6/9/2023,"data:image/png;base64,iVBORw0KGgoAAAANSUhEUgAAABAAAAAQCAYAAAAf8/9hAAAABGdBTUEAAK/INwWK6QAAABl0RVh0U29mdHdhcmUAQWRvYmUgSW1hZ2VSZWFkeXHJZTwAAALNSURBVDjLjZBbSNNRHMdn0x7qQXwoyoqYS3tIJUsR8UHnFEKayXCO8Dp0mje8zLVm3vJSGpk6539azQteZt6aYmuKoQ8q3uY9LSJHqFsUJGpqpNu3v0FmGOaBLwfOOZ/P+fGlAKAclFQ/S960zHplse4M5qtoW5XxVnIfZ6ujv+8PhOO9zzK1NTTDUv1p7E15DL3oUAJ5yAnJUqsjdGo+NgYLoGtxxZLiHGZk9OVDCQg/8wL9hBor/QS2JqqxNkBgcVyFnmwH7aEEbG//iNnaJOPqZDMMc61Yn1FC3ytBVrB7yz8FEQxrXinPY0USxAARytyK4tqNSkQxP/QtAiy03YO+PQ19ZbGw519SOQltj/8lCHG9wCzleRqKAhjYm4rCeJSU5yBfmoaMR0K0valFbk8W7NIvVl0W2BzbFRRyr/Q9ifJFa2YYZutTUSfgQBLERFmkJyonUiEbE+GxJhF5miQ0vZUjQRkHlygnYlcg5dKb3vco9hWmSGGgcOwO8jVCZI8k4O5INMRD0eARoZgnfP5fWH62H6TjYigIFroCLdHNNEUb2xwPYh2ge3r9j+DI1WKxVBy3rzBbTjKKM90wnuyCzZcFMM6qsd6QhOEYe+MA73z1L9jEtSGcLdCs9X4C7je2IK1CAaGkCs+GNyGULqKRabG6QcKQsACRBfmIhi8P3dHpSZ2n0LzLOJz4jvX2OQNyZgH+MBDcC/h3AFwFyfQD3R5mMGpasXctZ5wiz02NlKkcx+3R5hIIXugRogZClEYEKIzgVBnAkgGsEgNUN07imzwMIKHvtyn4SubjLSo6vaiLFG2xm645NxE30wcR0QXwXpETKIGgdiBwZ4q8eVTzfTHEt4FORMNnsRk+hJvgNct0W+1FTaG8q4l0UWWxU5w5tUrHhBEw0qfITIOROgm3FA3o155rS5LDM0di7RvIH7U7Y5P7wg68099P+T6oezGZAe0AAAAASUVORK5CYII=",$2.52,Erat.ppt,,
,,Syrup - Chocolate,9/1/2023,"data:image/png;base64,iVBORw0KGgoAAAANSUhEUgAAABAAAAAQCAYAAAAf8/9hAAAABGdBTUEAAK/INwWK6QAAABl0RVh0U29mdHdhcmUAQWRvYmUgSW1hZ2VSZWFkeXHJZTwAAAKVSURBVBgZBcFPaNV1AADwz/f7+73XnNveK9+2x6RVqMVGoaYjg6DsEtGhhLpEtzrXECGCYIkdO4wulZcgunQKhFpkan92iXBoWrRmI4e4tf9ue2/v/6/PJ9TfVMwPm5AaBxARARABAC3cNdlYcDbND5tw6OS4wWMkOWJKCMRAiMRADEgICMja3P1tPP/tBanUuMFj1BPKYyRY/pPVGWIkiYgkCJEso6fEwJMMXBhPQZIjdnH0FOAUzQpzF7n1De0dBLIMgY0luvbRIeogpFQXufE189NUVsjtZfQVXvyYoROAQLNJrUmrQYNURAxUF7n5JTGQRkpHOPIGhWGeeoeZ89y6SL1Fo06zTY0oIqI8xqtf8Pw5Dr7M1jyX32XhZ+DoW1ZjYim/a6u+RbNFg1QHEgJye+kfoX+E0VNMf8jVT+l0bGwuCMNlpdHT1qc/Ym1JX40oImD9OlNvc/U8lRVy3TzzPj373bt8TmvrksJjx1VuT0mKI9ayqsXQI4qIkSyyu8zCFa68x+0fyXXz9Bm1NCg88ZJ2dU5XaUjaTfnZwyrHD0t1IJBknDhDroeFn5j5nNIIPYPS+8qaG/+KyaoQK/J9q9Sqdv5rSEHM6H+coTEga3FzSu3Xz2xmK0J/qtP6Q+xsEntlzYa/v5pTvDYnBQK7yzSr5LpZ+cd2/Z6tO7944ORrssb3QnvbX1MVuVZd0ti1Lzfsweo1qQayFtp8d5pcgYXrKr1dSs+9rrH6iTQtmL1U0T3fcWCwT2jvlRT6iCQfHFJU3nPC/YfI9xAz+gZUbdvzUC+tdbM/bOmtljz6yAGxKy+mOeZvsLk4GeovKObLJpSN66CFGneK+1UfPqi2tqP4+6zh7R1aaCBF3mTtrrP/Ayh5+MxrJCCJAAAAAElFTkSuQmCC",$9.73,VolutpatInCongue.mp3,,
,,Nantucket Cranberry Juice,2/23/2023,"data:image/png;base64,iVBORw0KGgoAAAANSUhEUgAAABAAAAAQCAYAAAAf8/9hAAAABGdBTUEAAK/INwWK6QAAABl0RVh0U29mdHdhcmUAQWRvYmUgSW1hZ2VSZWFkeXHJZTwAAAFFSURBVDjLfZNNasMwEEafHfcA7coUsigEssmZep2ue5VCobfIJgsbuklLS6DrLhJrvulClpF/0gExI8v6ZkZ6Kk6nk0siH2Y287vdrmDBKjOjruulNdwdgMPhwDWrJAGQ/HRzWZaY2XWB6WLamMdT8cUKAJ7ffobY3DEDNyHVvL5/eBCEYDw9PhSzCooifru/vcEdJJAck0dv0b9/hXkLTdPE0/Y7TOByJDAJM5AJ60XO3bjlarvdDuW8tN+eMsl82GQSMjA5XedjgXwSJCwIE1ifNQkl300ryCddJ7rQZ3Oh4ASlFuJthOC0besJsLHAxQihGmUcWupHMGez2QyAjQTOF9F8/qLQt2Px2mJFjguciHsCrMjBye14PPp6vR4gmgK2Wq3Y7/eU1wjLAVuiE5ifQW45YAmypX/+FRgA65/1NJbEH0d3cad+jVEKAAAAAElFTkSuQmCC",$5.06,Cras.avi,,
,,Fruit Mix - Light,11/26/2022,"data:image/png;base64,iVBORw0KGgoAAAANSUhEUgAAABAAAAAQCAYAAAAf8/9hAAAABGdBTUEAAK/INwWK6QAAABl0RVh0U29mdHdhcmUAQWRvYmUgSW1hZ2VSZWFkeXHJZTwAAAKjSURBVDjLrZLdT1JhHMfd6q6L7voT3NrEuQq6aTircWFQ04u4MetCZ4UXGY2J1UoMdCoWxMZWDWtrrqHgylZ54RbkZtkiJ5aAku8MXXqQl3PgAOfb8xwq5LrOzmfnd34vn+d5tqcMQNm/UPZfBMHXx2ZWvI386odLe7jIL7w5EQ68qjhEOFjCmMj+v4LQmCwtCHkSCuSlFOIst4X1KU1mbUqT/kPki57bmL6xEnx55HxRMCqNCTkO6fUBpH5YkFoeBLsyAiHLEFcSQi5B2C38Z3eAPJ8JjcrmigKnLJ7nd8mwDcnFh4h/68T29FVsfW4F4zeCmb0LZqYDO191hOtkZ5sIuY8lioJhKZ9lo2DmbNjx9WDTowW7+YmsGv+9Ov3GijsgxwsNy7iiYOg4L54/nyawQC4lDubYANIRG7g1I9glHVILl5EMNCCXnEfouXSP4JksI+RY5OIfkWXGwf8cQSb6hAz2gV2+BXaxFangBSS/n0PCfxq5xAxCg3sFj2TpPB8Hvz2G3dWneOvqhLnPCIfDgd5uPebfNyAyrUR/t1bMmft7MdR1NiuXyw8UBDYpJ/AMkhsOPLa2wmKxIBqNIhwOw+Px4EG/Hvb7GoSCc2JucnJS7FEqlb2FizRwNMLHFmPvXnQJN/U6+Px+3LvdApVKiebmZlitVuj1ejFWqc7AZNCJEq1WGxMFAVPFtUCPZKhDXZUyGu6IAr+pklOclGNiYgI+nw9erxculws0N2uqjFOBwWDgSu61RCK50tLSwlBBfX39eE1NDa9QKFBXVydCY5qjNSqgvSWCw+RRqVTzZrOZcTqd2263G3a7HW1tbWhvbxdjmqM12kN7SwTl5eX7qqurq2pra5eampqSGo2GI2TUanUj4RSJ4zRHa7SH9v4C8Nrl+GFh7LoAAAAASUVORK5CYII=",$9.23,LiberoNullamSit.avi,,
,,Melon - Honey Dew,6/14/2023,"data:image/png;base64,iVBORw0KGgoAAAANSUhEUgAAABAAAAAQCAYAAAAf8/9hAAAABGdBTUEAAK/INwWK6QAAABl0RVh0U29mdHdhcmUAQWRvYmUgSW1hZ2VSZWFkeXHJZTwAAAFCSURBVDjLpVOxSgNBFJxcrkmC+AV+gP5BwEKwtLESW0mZD7CyEyViJVhbG7DURvEXBAsDKgpGxIjIecnF29t9byyyAZu9wkz12HnMm3m7WyGJWRC3Dq7aq83FTpKzMcwyqFNYVczHNrvpDc5XmktrXz9siAJpksCKYK5qs9u7t+3T/fXjysn1q9TrtWhqhCSUAAkMR2PUGzWoAkqCBJST+qF3r4ft5Wo8toyy77En/zQpoSRSk/kaEH+mCoxyiQAARxcvDGHv7DnIbe1ekiQiUQ0uyIkEucJaAEAkUiLgwpzNvUDhyqa4sLiZcFHplBJxN41QNsWWOXDegTFFsMnkJixujI9QlOUMR1DxDopC/hVhentx//Gp2+rkG2IdksEHnDioE4goqOxv7uQLUjiIE6Sf76AI/NPpAkBl1t8YYUb8Ao9lHyy2IyRjAAAAAElFTkSuQmCC",$1.91,Odio.mpeg,,
,,Petit Baguette,10/14/2023,"data:image/png;base64,iVBORw0KGgoAAAANSUhEUgAAABAAAAAQCAYAAAAf8/9hAAAABGdBTUEAAK/INwWK6QAAABl0RVh0U29mdHdhcmUAQWRvYmUgSW1hZ2VSZWFkeXHJZTwAAAMxSURBVBgZdcFraFtlAAbg9zvnO5fcTk7Smda2SRvbLbau69aSUXWdE4rTuTlBnUxkYzgUFX9VLKJ4mQoyEMShwqygqKWKjKEDYSiuk152payKTdvFZZCmSdauTXNyTs4ln/vhjxLc85D1n82BASAMcqcqfPDgeu+BWpmXzl3XUqNThWPJtHbc55MRUCSUNQeT78WwFnWKNsAAw6oYaUryFUrErOEYl+a0C8mU/o2iyvD6ZNwOdW6aYAIPn8z1PBBx7x88OX8k0iBvpgyCKIv3KiH3DoFBqlgMt9gA3sAaHCs5KK9anr425UhzUKrnjUqqK+SK1MhcoKxZNTLPHdwYdb1W76cvLGZMEVU43aigRRUON/po15Wp5cvtdeKzDQp/j+RUmAeVWp9I1NlZbaxYsPP6sjWEKtTv4h55KB58e/z84vDpM9m3WMmULNP5VA25tzTdrXYspPSvbiwYo7FWz8dHdxzfkxhaucx7O6DdGAEx0gfpgb7QywEvnwsoVPPAXlIa3H13BD0BItKwV7AKJcLO3hkSor01vwZ3xdR3Xev2wB/dguV/Ypg+PXiU+j10Lw84AVUgstfFVsr0t1MXV8ObN/l6rKKd4xkb2Bkd3fDitqzkV+/H0tW/IRITPqUO3pqIn/I8caaTJfx+ocBMwQXKkbbWJvn1ZKLwcypZeuf7p97cFO/u+VZteRjlzDBEN0FqchqWYS4aevE+bva6gZ/OLCOTtznKk8fr1gmfuCWuZTFbHrt0eH94a3f8O7X1UWLMfwEi3ITg9UEuXc1ahUxf/JUTM3Rm3kJ92AVR4CjAnnbLXC1z2OyTjT/0ehr3feRvfQxG+nNwgg2zEEV+ZHzV0Uu7u/rPTeIWwhhDtV/er3+iOf7MUGz7XtHMfg3CmzBWGpE/e153dK091j9+Df/hUOXLlyLPNXUf+tFiYTEzdQwVGNCWGpAbmcg5hrYx1j9+DWtQVFGaNwy2b3seieFXMfPHGKRIJ+xcYj4g8js7BiaSqMKhSmJuwTb/OoVoZy88nhjSF6eKhm7u6hiY+BP/gzDGsNa+7UG9665aurUtCiaUx/Rc/tDuD68kcRv/AvFKVJouQOXGAAAAAElFTkSuQmCC",$4.01,NonMi.gif,,
,,Cheese - Grana Padano,5/9/2023,"data:image/png;base64,iVBORw0KGgoAAAANSUhEUgAAABAAAAAQCAYAAAAf8/9hAAAABGdBTUEAAK/INwWK6QAAABl0RVh0U29mdHdhcmUAQWRvYmUgSW1hZ2VSZWFkeXHJZTwAAAFSSURBVDjLzdPPS8JwAAVw6Z/o0J/TqUOHKA/RIfDSP5CHyIi5DRWatrWGsh8o4kAkJoNBYJiBaebJb8xDZSbK0DQMIkKoXn+BpYTQ4V0/h8d7LgCuv8Q1c0DTNI+qql1ZlkexWEyYCtA0bUFRlE6r1QIhBJIkZaYCZFlesywLjuNAFMWhIAhGJBLROY47nAiIRqNu0zRRr9fB8/xtOBx+KxQKCIVCn78CkiTNiaJ4Wa1WQQhBpVIBIQSlUgksy3Z/BPhsm+IyjVHSKMK2beRyOei6jng8DoZhOn6/3zMW4Iy2N5B+/MqW+/AlGjhOnSEYDBosy27SNO2mKGp+bIl0qundTTRH2fIA1vUzkvkePJz9MfEOvGrj/aTYh3k1QPriCb7EA1Zp+2BiYOvobqicOkid97At32N5/4aZaonrAXtjhbZflvZqr4s7tcD/+MLMgW9PPe6C6jWXgQAAAABJRU5ErkJggg==",$2.46,LoremIpsumDolor.doc,,
,,Soup Knorr Chili With Beans,10/11/2023,"data:image/png;base64,iVBORw0KGgoAAAANSUhEUgAAABAAAAAQCAYAAAAf8/9hAAAABGdBTUEAAK/INwWK6QAAABl0RVh0U29mdHdhcmUAQWRvYmUgSW1hZ2VSZWFkeXHJZTwAAAJlSURBVDjLpZNrSJNRGMdlr7qat+zKaoYhjqYphRCWCtKFoCj60CeRpDB0djHUSMOZm0JhGEmlNhczXXunDgy7TNcVcsjGpk6dNsiJyyjWNg3ZnJfef69vMBBkFn34wXMu/995DocTBCDof1h1cvBJnM5RTsBVyYLzBgvfigjopbGDfyUwK+Nfu2RsTNcTDO5aAk4RC1/KQ2BqjetbU+AiOZip/xNyLndQSeCHmMBUIQFzTjDWFDiu0O0qzmJKU4OvPSmYuETAXhKM8WshsOYR0NZlRAUUtOXt+Dk99hYufSu+6x7D8fEAnLozmLEq0V3M8ww1F4QGFEhz+Aa3QQmHsQPeQZJGxdRuEwnp+SRjwCs0FpwIf3guwfayKBE+owxzI50M3oGn0JbuQW323vE7uac2rSpoFB6Pll/M0FjEofDZe2Go2ocu0VGG5dpjUWOEXpPlp72X5h/irhBIcrNYNunp5s+31gFTWmCsAfiQDWiOgXq2H1Q7H1TPSVCfmjBaHY4HFzJfNOQd5vgFZGHmo5n7bEBfQlPMBNGVCqgTQZGxWGjhwivbCKorHb/UybDf5UFekE76Bf3lu5ccz0uxpIgBOvgMlGoXPeZhvnkbHY7GbEMYnHVseKQb4OquQF+JYMEvMIsElFsroTfQL/TqCBYVOzHfsh0++RZ4mqIxJ98Kj2wzc7qtJhLTb6pguJ5A+QXDLZfLTGXxi45762G7TUs6BKtirWZjWByG/opkH52pWvEKEyphRK8oLan9aurkgCSGslRHYVTCwQjNkDgSpptcqrMwafZd2cGUyTZhRMDf+C/8Blefvm4GxFC9AAAAAElFTkSuQmCC",$9.02,SitAmet.mp3,,
,,Mangostein,2/1/2023,"data:image/png;base64,iVBORw0KGgoAAAANSUhEUgAAABAAAAAQCAYAAAAf8/9hAAAABGdBTUEAAK/INwWK6QAAABl0RVh0U29mdHdhcmUAQWRvYmUgSW1hZ2VSZWFkeXHJZTwAAADzSURBVDjLxZMxTsRAEATL6EROSsDD+A4xv+EzJCQEiA9ccjtdBF7ba9nZBWw00k63qmd2J5V7zgN3nstSvH/8rChRBKoAwYQIlbmuwNvry7QzAHh+ekTEgICRCA4mCXz9Xo8EpWgXBFS003SjRBKp20mEqhkRJenCpc7e5FY5GliZG4UkGLogq3AxbO3EoAVSkt40Ny91NhIhzaNBWqi45nTIbI+0kLQzg9agKmv+vclGpNByFqGKqkufehfaVzkMUKXqlGC+WHED6dnHddpndUJgn8F+4iP68k4G/UgQPr+va+YkWBIgtT1vE8bvN/37b/wDV/Vlq22fLE8AAAAASUVORK5CYII=",$1.89,LectusPellentesqueEget.ppt,,
,,"Wine - Red, Cooking",11/30/2022,"data:image/png;base64,iVBORw0KGgoAAAANSUhEUgAAABAAAAAQCAYAAAAf8/9hAAAABGdBTUEAAK/INwWK6QAAABl0RVh0U29mdHdhcmUAQWRvYmUgSW1hZ2VSZWFkeXHJZTwAAAI/SURBVBgZpcFdaI1xHMDx7/Oc/3ms8xiZxLxcGIXF3cnN5KWUXIrc4EZcSC5QKC+1xjLKW5ELLzfIS8iNS0qUtxqllkYstllsNufsPKc9z+/3s/9q5Vb7fAIzYyKCDXvv7F6xutg2ULHYDFDFVBEVTA01xURQM0wEUWVKlA53dHQffHBm80VXbCpeyNfE4cwa/kc8XJELwEVXSS2sDJT5l8uGaeptYSRLSRLlw6LjZLmYfyWphYxyJsaJLQsZlyZ/eHejhXx9HaVywuyGOqJPR1m//wb5mlrG7TjZhReaKd5IJgyXB3l/ax+hM4ZKVWoa1vLr+1em18/lYetWvnb18OVHCU9U8ELM8IIw4OP9Q4RRQClR6tccYMmqbcxZuYdvnZ0UptTy5Nx2CnmHp5ngOVHBC4FqdYhUI+avP8a0GXNIK7+Z19iE2RGeXj5Mlma4KMRTUTxnaowJApbvvMnjR/eZNbeB022tDA4OEccxzc3N3L5X5EDLaVDGqApeqCqMC4KAVAM0HSGfj2hsbCQIAjAjF9fhchDmGKOqeC5LU7xXvS94/e0Nn8odLO1fRm1cS6FQYFJ+Eu0Dbykt7+H8szYWTl3MpuJGsjTDcyaKd/PldZJKwkDvENcuXyWnjr6ffVSrVa5cuoosqPK5/zntSTubihsxVTynqngt606RiVDuL2NqiAiqiqemOOeYPG0yURThqRme6/7SdXfX2XSziqCiiAiqiqQpqoqaYSqYGGqKqaKKd5dRgZkxESET9BfqVjgB6mRiLwAAAABJRU5ErkJggg==",$2.15,Turpis.xls,,
,,Wine - Manischewitz Concord,10/24/2023,"data:image/png;base64,iVBORw0KGgoAAAANSUhEUgAAABAAAAAQCAYAAAAf8/9hAAAABGdBTUEAAK/INwWK6QAAABl0RVh0U29mdHdhcmUAQWRvYmUgSW1hZ2VSZWFkeXHJZTwAAAHvSURBVBgZpcG/S9RxHMfx5+fuq10d/SJKQ+rUaLoWw60bIoIgaKhBpDksDBFbCooQiqAlURCp/gIjHIQWa4h+QDRYtFhDqOEdSqCSelbfe79f+UUEg35Jj0eQxP8Ip7sGLxaONt+eLSsrAe7IHXNDLlyOzHAJmWHubKuOl8bGipeH7rT0R81HmvuqMtlUTYaNyC6VrQ/oj8qxUuXZRTZqOVaKFZFMXDtTx0Z19E6SiCRHEiIhEBACb0ZH+Z3DTU2YG4kICTOjrXeCNfc760kUCgV+ZXFxEa8YicjccIm7HTkIAgVc4k/cHTcnEcmFmxMCyFkhCCKfzzM/P4fEOgEQAXA3EpG74W6IVYEVgrH3Y/xkdBh7PURl+hPp3bUc2nwMOEVUiWPMjM57M6zpbashUSgUSEwNDzBXfMXBs+1sasiz/G6E7PMnPD5e1RHJHHen59weQCTcnfXGH/bQ3HqBzMen8OwmW7bvoCGXY/SDuiJ3x12AEwCxqrHxAKVSCQh8L02QqW2Ak5dYE3XvJe2hPiqOTz64MRi3uBlujpnh7lgc4+64REtmJ+W3j8gOt/NteZoysPAljaUpBUn8zYvWuu7qrdmr+3ZVoig1xcLnChMzaYu/6nqQxL942br/ytJs6XzaQs7SKgoGToxUbv0ALswWDRrf9Y0AAAAASUVORK5CYII=",$2.40,Non.jpeg,,
,,Flour - Pastry,1/5/2023,"data:image/png;base64,iVBORw0KGgoAAAANSUhEUgAAABAAAAAQCAYAAAAf8/9hAAAABGdBTUEAAK/INwWK6QAAABl0RVh0U29mdHdhcmUAQWRvYmUgSW1hZ2VSZWFkeXHJZTwAAAKMSURBVDjLjZNtSBNxAIcHQt+rL9GnlU2FIigo+lJRQTYGoaFRDd/Y1IL81JhzvVqaiEQZEmn2omtIZdr5Nh2lc04v3ZbOLRVS3NR8g9nci7ebk193Z16uQXjwfPw999z/7gQABIODg+eMZXJ0qsTQZyVAIBAc3SJCdnzQYrH4B0gTrGQ32jPiEQ6HtwQnUalU2wiCyOwoyUVvVS7a0+NBUVQEgUAAfr+fx+v1YnV1dV0QWWCAThoXJdiQbODz+RAKhSILdA9yYarMge5yHILBIIda64JK40I+g7LWCeUbJxQMbAUv4Av61gtaL8aBpmkOdqwxLKKWoaZrES0dDRjTXsIPohhDL8+iMk94jy9ovZ+DnmfZaEkVcXaWzXd9UVeNuc58eIZbAN9P/BquR09pojuqoOmCiDsgVrDxKMtTBJZGCkFPN2HOUIYVewPCThNsr7LpvwV3s2GskKMpeR8/vvHaifK37+B23MbaigkrE9fhHsjDqEYGR81VSE+LUiIL+gwgzsdyAvYMPNN6LNkLsEaRCIxngJqSwjuihqsmCUOmNsTExBzjC5pvydH9VIZGSSw3nh7+iDlz/p9xOijXFSw7bmKiSgLLlw+Yn5+PfgsWpqBBvBczdgKjeiWTbQQ1KUNwKg0epmT8uRgWYztmZ2ejv8TmAhm6HmehLkWI721q2HRPMNOfisCkFO4hFcark5ixjhuzh8wL/i14X3oG8DoxVpWCTvVu9DJ37X2UCMdXPRYWFrD54gsUCsUereQAGtOOoEi+HzRZAbq/HP3Fp1B/TQRrdzPsdjtsNhvMZjOsVitIklwXsCKWTNGOk3cO7SpMPb499DAjIfy5RBz+VHTim+TwzuT//c6/ASolxdSxQ5KqAAAAAElFTkSuQmCC",$7.22,Augue.mov,,
,,"Seedlings - Buckwheat, Organic",6/4/2023,"data:image/png;base64,iVBORw0KGgoAAAANSUhEUgAAABAAAAAQCAYAAAAf8/9hAAAABGdBTUEAAK/INwWK6QAAABl0RVh0U29mdHdhcmUAQWRvYmUgSW1hZ2VSZWFkeXHJZTwAAAJiSURBVDjLhVNNTxNhEH52u7RLFyi1QiCGNLWkptFAqGk86E0TDAl/wIM/gLOJBy9evHiy5x71RLyS4M2DxFRDQ6AS+qWRgkJMdAm17XY/Xmde2AUTjJM8mXffmXnm452FEAIMEiWbzd4rFAofMpnMffrW+O4UWi6Xu1MsFt+zD9/5cfLQVBTxg71WVnBlbg6t9XV4i4sYw4mwLbK6iomZGXzf2EB/YUHa0kIoqkLCTkYkAiMWg+u6GIrHMRgKIa6qEjq56MPD0jY4MgL9lJhj1dMzdE3DTrMpnar1OjwiaY+Ooj00BFfXsVOtSttOrRYQwO+xAXgxyr45OYl6u41pyp6i1lQKELYNy3HwmXSTcNXzkCPdIfs0oGrnK7iRSOC6YUD0+3DIyWMQWZiIrg0MIENaIUSOj9Eh0qCKUqkkHMf5J2zbFt1uV4KF7ziGYzVcIJZlYXt7G+l0Go1GQ/Z+dHSE+fl5/8kDUS8i4OC9vT0M0+RnZ2eRSqUQjUZBmQP4REEFbz+ZeP56F27fxptnN9FqteAvS6VSAS0QqBVZjXOuf0mw+U3BcvkLJhJhtJq//yrTNE14NHkOPjw8lGdGUMHdJx8fLJc8jI9FoNHCOJ0zdnbidmi1ZeZkMsnLI6vT6NV4oKoRxqtxyqypArblwO1YMniRVpkJ8vk8DHpazsrB+/v7AZEconnQfdiqmmj/tGD3XLg9Rxp9hGgPWHMFnHlqagq9Xk+2BP+vevT0pVirXEYiaeCg9gsvHicuepyAlMm2trawtLR0sgfxgd21Wxn79rvKJVlquVzG/4R25SvrPyvWchiOM0HOAAAAAElFTkSuQmCC",$7.57,InTempusSit.avi,,
,,Foil Cont Round,2/6/2023,"data:image/png;base64,iVBORw0KGgoAAAANSUhEUgAAABAAAAAQCAYAAAAf8/9hAAAABGdBTUEAAK/INwWK6QAAABl0RVh0U29mdHdhcmUAQWRvYmUgSW1hZ2VSZWFkeXHJZTwAAAIwSURBVDjLpZLNS1RhFIef897rNDSoUEFFIhpCi1okzKKyRSFBFC3aCFERRQTSItrUHxBFbQoEkYJaBdoQ7kqQwm1BREjmF2JWFuKgNTozzr3zntNiRmthC+nAb3fOc37nQ8yM/wk5ff3Z1cNH0vcWCpYyA1QxVbx6TA01xbxHzTDv8arUJeL86Ojszf77Hd1hui3dVZNMue3JDTVO5Qu+C+gOC7G5wsLyhq0XY3MAoXnj9tmWDQMu352hAjAFICp7DDA1vIJiqBpeFV+2ikyJvNG8oxavvgKgegVxgphhTjAxRAXnBBGHiEecJ/rwiLA4RW6xHS1vBsCtkhwgIogTAie4QBAHgYOaIKA8liGV/MLOtguszL2k0UYqdabVPxBZAzmpdA8CIRAoTvQTrAxRvydNfmaAILmLc81vGLi2+0yoVQdUHQBghgNMBA2FcvY9W1tP4gsjJLc1sOK/0Xh0H1Kc7wnLcbzmQAAzQ0Swv0BBqoF48TMuyCIuT6IuCysFln+UgtB85QoBVIpEWF1slP1EbvghkojRchGnP8HVYnHEx74pxscXroSq+meEqhBhafIFudHnbGk9iEWDiF9ibDCiplQiEOHp/Am6em/1hrPTM5nOB3GHeo96xXuPqtLZ1Mf+9mNE2R7CsJ7h1yV6xw4wl9iLGUSJTZnqvmxdfe0//rY0d8fy46fsXdehpccXW86vlxf+61W/T2df5X4NNRUW8sWJifkbl55MZtbL+w0EmEFfv0ZNiwAAAABJRU5ErkJggg==",$6.97,JustoEtiamPretium.mpeg,,
,,Flower - Commercial Bronze,12/16/2022,"data:image/png;base64,iVBORw0KGgoAAAANSUhEUgAAABAAAAAQCAYAAAAf8/9hAAAABGdBTUEAAK/INwWK6QAAABl0RVh0U29mdHdhcmUAQWRvYmUgSW1hZ2VSZWFkeXHJZTwAAAJ8SURBVDjLpZB/SFNRFMftj5IiW9saIQjGQrBiUagEFWLDydrUhAWzNNuWTZ1oKIUzf4RlzZY6sWyrLZXhfFszQ1eac2SQkYWW0yH0l1AWITSw1IXK+/beK0RBptCFD+fcyz2fc+4NARDyP6x5qInbVVEn5sw2SHdCL2ahQsiey4jhVW9IkBPDKbmfyibN6Rw8oLgrY0MnYaEofgcpPcitWldglLLQQhXqqSKdlIaNm8k8XDnBQWYMa2ZdgS5+O14YyzHVq8eQpQiFCTwUJ4YjX8SH+hh7wapNCQ0qMGdF/gh8/4SZN0Z87a+H13ENk89vwz85AiJ378xYq2ZLUEFjxv5B//t2TA87MT9KUNiZ3D9C4KFKMBz0Cbults1RxzVWoiAWv4ctCPieMsx/tKHzciwE8blPeCLz1jUFPAkRyhW35UWIPfB9noWjLBX2shQGOn898QsRSS/BET66xBWatq0ScE86NoUlORSRyYOYmJpH2xRQ7APy3gEXXgHnewCtsxPFRgXU9acgvyEMiEsOVS4LDsia0xJP6+EcWoLJCxS8JZE7QCK7j0RWFwmlmUCVU4lnviaMfnPD0K+B3CDAkfzwWkbwoTx6adqlxb1mFxS9VFeqo7KbxLkOEmdsVKyRoGu8AV0TjaBXreciDJ4cWhBgBN6KfaTffR3p6hZU988howM4aycht5KQWUgklx1Gj8+Clat7rIkW/P2IcWtB6Uhp1KJSeWsxTjEAJTW6agVHC/m441ZB51Ywxbo+xeoJaCbteWGVV6u5e9JcpsiE1i980eM5flLHAj/RuSCQZy7KaqNR585mOtOR3i//wUagLtdQ/KTH/hdr6PM/RhGjA91Gi1AAAAAASUVORK5CYII=",$8.41,ProinLeo.jpeg,,
